state,district,year,murder
ANDHRA PRADESH,RANGA REDDY,2001,214
ANDHRA PRADESH,VIJAYAWADA,2001,53
ANDHRA PRADESH,WARANGAL,2001,158
ARUNACHAL PRADESH,CHANGLANG,2001,11
ARUNACHAL PRADESH,PAPUM PARE,2001,11
ARUNACHAL PRADESH,SUBANSIRI LOWER,2001,8
ASSAM,BARPETA,2001,64
ASSAM,DHUBRI,2001,65
ASSAM,NAGAON,2001,95
ASSAM,NALBARI,2001,79
ASSAM,R.P.O.,2001,11
BIHAR,GOPALGANJ,2001,107
BIHAR,JEHANABAD,2001,73
BIHAR,KHAGARIA,2001,72
CHHATTISGARH,JAGDALPUR,2001,80
CHHATTISGARH,KAWARDHA,2001,19
GUJARAT,AMRELI,2001,41
GUJARAT,JAMNAGAR,2001,48
GUJARAT,JUNAGADH,2001,56
GUJARAT,NAVSARI,2001,26
GUJARAT,PALANPUR,2001,52
GUJARAT,PATAN,2001,24
GUJARAT,VALSAD,2001,44
JAMMU & KASHMIR,BARAMULLA,2001,144
JAMMU & KASHMIR,BUDGAM,2001,78
JAMMU & KASHMIR,GANDERBAL,2001,24
JAMMU & KASHMIR,KUPWARA,2001,141
JAMMU & KASHMIR,UDHAMPUR,2001,21
JHARKHAND,DHANBAD,2001,97
JHARKHAND,LATEHAR,2001,54
KARNATAKA,BAGALKOT,2001,59
KARNATAKA,CHICKMAGALUR,2001,41
KARNATAKA,DAVANAGERE,2001,58
KARNATAKA,K.G.F.,2001,20
KARNATAKA,SHIMOGA,2001,56
KERALA,CBCID,2001,22
KERALA,ERNAKULAM,2001,44
KERALA,KOTTAYAM,2001,34
KERALA,KOZHIKODE,2001,34
MADHYA PRADESH,GUNA,2001,71
MADHYA PRADESH,INDORE RLY.,2001,6
MADHYA PRADESH,JABALPUR,2001,103
MADHYA PRADESH,KATNI,2001,51
MADHYA PRADESH,KHANDWA,2001,41
MADHYA PRADESH,RATLAM,2001,58
MADHYA PRADESH,SHEOPUR,2001,24
MADHYA PRADESH,SHIVPURI,2001,88
MADHYA PRADESH,UJJAIN,2001,84
MAHARASHTRA,AKOLA,2001,64
MAHARASHTRA,AMRAVATI COMMR.,2001,44
MAHARASHTRA,MUMBAI,2001,295
MAHARASHTRA,NAGPUR RLY.,2001,12
MAHARASHTRA,NAGPUR RURAL,2001,101
MAHARASHTRA,NANDURBAR,2001,44
MAHARASHTRA,SOLAPUR COMMR.,2001,30
MAHARASHTRA,THANE COMMR.,2001,133
MAHARASHTRA,WARDHA,2001,60
MANIPUR,SENAPATI,2001,27
MEGHALAYA,KHASI HILLS EAST,2001,50
NAGALAND,WOKHA,2001,12
PUNJAB,LUDHIANA,2001,74
PUNJAB,SANGRUR,2001,46
RAJASTHAN,BANSWARA,2001,40
RAJASTHAN,BUNDI,2001,33
RAJASTHAN,DUNGARPUR,2001,31
RAJASTHAN,KOTA,2001,58
TAMIL NADU,ERODE,2001,63
UTTAR PRADESH,ALIGARH,2001,229
UTTAR PRADESH,ALLAHABAD,2001,167
UTTAR PRADESH,AZAMGARH,2001,120
UTTAR PRADESH,BADAUN,2001,239
UTTAR PRADESH,BALLIA,2001,55
UTTAR PRADESH,BANDA,2001,75
UTTAR PRADESH,BARABANKI,2001,88
UTTAR PRADESH,BAREILLY,2001,272
UTTAR PRADESH,BASTI,2001,48
UTTAR PRADESH,BIJNOR,2001,124
UTTAR PRADESH,BULANDSHAHAR,2001,250
UTTAR PRADESH,CHANDOLI,2001,35
UTTAR PRADESH,DEORIA,2001,48
UTTAR PRADESH,ETAH,2001,240
UTTAR PRADESH,FAIZABAD,2001,77
UTTAR PRADESH,FATEHGARH,2001,120
UTTAR PRADESH,FATEHPUR,2001,132
UTTAR PRADESH,G.R.P.,2001,31
UTTAR PRADESH,GONDA,2001,68
UTTAR PRADESH,HAMIRPUR,2001,66
UTTAR PRADESH,HARDOI,2001,182
UTTAR PRADESH,HATHRAS,2001,86
UTTAR PRADESH,J.P.NAGAR,2001,112
UTTAR PRADESH,JHANSI,2001,76
UTTAR PRADESH,KANPUR DEHAT,2001,85
UTTAR PRADESH,KANPUR NAGAR,2001,210
UTTAR PRADESH,KAUSHAMBI,2001,77
UTTAR PRADESH,KHIRI,2001,172
UTTAR PRADESH,KUSHI NAGAR,2001,69
UTTAR PRADESH,LALITPUR,2001,25
UTTAR PRADESH,MAHOBA,2001,56
UTTAR PRADESH,MAINPURI,2001,136
UTTAR PRADESH,MATHURA,2001,125
UTTAR PRADESH,MAU,2001,49
UTTAR PRADESH,MEERUT,2001,275
UTTAR PRADESH,MORADABAD,2001,213
UTTAR PRADESH,MUZAFFARNAGAR,2001,324
UTTAR PRADESH,PILIBHIT,2001,115
UTTAR PRADESH,PRATAPGARH,2001,76
UTTAR PRADESH,RAIBAREILLY,2001,87
UTTAR PRADESH,RAMPUR,2001,89
UTTAR PRADESH,SAHARANPUR,2001,101
UTTAR PRADESH,SHRAWASTI,2001,35
UTTAR PRADESH,SULTANPUR,2001,103
UTTAR PRADESH,UNNAO,2001,147
UTTARAKHAND,HARIDWAR,2001,94
UTTARAKHAND,PAURI GARHWAL,2001,26
UTTARAKHAND,UTTARKASHI,2001,10
WEST BENGAL,HOWRAH G.R.P.,2001,18
WEST BENGAL,JALPAIGURI,2001,152
WEST BENGAL,MIDNAPUR,2001,120
WEST BENGAL,SEALDAH G.R.P.,2001,23
DAMAN & DIU,DIU,2001,1
DELHI UT,NEW DELHI,2001,11
DELHI UT,SOUTH WEST,2001,61
LAKSHADWEEP,LAKSHADWEEP,2001,1
ANDHRA PRADESH,KRISHNA,2002,92
ANDHRA PRADESH,RANGA REDDY,2002,214
ANDHRA PRADESH,SECUNDERABAD RLY.,2002,12
ARUNACHAL PRADESH,SUBANSIRI LOWER,2002,8
ASSAM,BONGAIGAON,2002,47
ASSAM,DHEMAJI,2002,30
ASSAM,SONITPUR,2002,109
BIHAR,ARWAL,2002,44
BIHAR,BANKA,2002,100
BIHAR,JEHANABAD,2002,73
BIHAR,LAKHISARAI,2002,67
BIHAR,PATNA RLY.,2002,29
GUJARAT,AHMEDABAD COMMR.,2002,222
GUJARAT,AHMEDABAD RURAL,2002,63
GUJARAT,ANAND,2002,48
GUJARAT,BHARUCH,2002,47
GUJARAT,DAHOD,2002,64
GUJARAT,HIMATNAGAR,2002,71
GUJARAT,KHEDA NORTH,2002,56
GUJARAT,MEHSANA,2002,49
GUJARAT,NAVSARI,2002,26
GUJARAT,PANCHMAHAL,2002,83
GUJARAT,PATAN,2002,24
GUJARAT,SURAT RURAL,2002,78
GUJARAT,SURENDRANAGAR,2002,40
GUJARAT,VADODARA COMMR.,2002,56
GUJARAT,W.RLY,2002,21
HIMACHAL PRADESH,CHAMBA,2002,15
HIMACHAL PRADESH,LAHAUL-SPITI,2002,2
JAMMU & KASHMIR,ANANTNAG,2002,86
JAMMU & KASHMIR,DODA,2002,105
JAMMU & KASHMIR,HANDWARA,2002,47
JAMMU & KASHMIR,LEH,2002,6
JAMMU & KASHMIR,RAJOURI,2002,97
JAMMU & KASHMIR,RAMBAN,2002,62
JAMMU & KASHMIR,REASI,2002,45
JAMMU & KASHMIR,SRINAGAR,2002,86
JHARKHAND,RANCHI,2002,270
KARNATAKA,BELLARY,2002,62
KARNATAKA,DHARWAD RURAL,2002,35
KARNATAKA,RAICHUR,2002,59
KERALA,PATHANAMTHITTA,2002,28
KERALA,THRISSUR,2002,52
KERALA,TRIVANDRUM,2002,58
MADHYA PRADESH,BHOPAL RLY.,2002,7
MADHYA PRADESH,NARSINGHPUR,2002,48
MADHYA PRADESH,REWA,2002,68
MADHYA PRADESH,UMARIYA,2002,28
MAHARASHTRA,BHANDARA,2002,36
MAHARASHTRA,GONDIA,2002,44
MAHARASHTRA,RATNAGIRI,2002,26
MAHARASHTRA,SANGLI,2002,97
MAHARASHTRA,SATARA,2002,83
MAHARASHTRA,SINDHUDURG,2002,18
MEGHALAYA,RI-BHOI,2002,27
MIZORAM,CHAMPHAI,2002,6
MIZORAM,SERCHHIP,2002,6
ODISHA,BERHAMPUR,2002,30
ODISHA,SUNDARGARH,2002,87
PUNJAB,ROPAR,2002,27
PUNJAB,TARN TARAN,2002,51
RAJASTHAN,BANSWARA,2002,40
RAJASTHAN,HANUMANGARH,2002,65
TAMIL NADU,CHENNAI RLY.,2002,10
TAMIL NADU,DHARMAPURI,2002,94
TAMIL NADU,KARUR,2002,29
TAMIL NADU,NILGIRIS,2002,21
TAMIL NADU,PERAMBALUR,2002,41
TAMIL NADU,THIRUNELVELI URBAN,2002,23
UTTAR PRADESH,AMBEDKAR NAGAR,2002,55
UTTAR PRADESH,AURAIYA,2002,56
UTTAR PRADESH,BAGHPAT,2002,95
UTTAR PRADESH,BAHRAICH,2002,59
UTTAR PRADESH,BANDA,2002,75
UTTAR PRADESH,ETAWAH,2002,85
UTTAR PRADESH,FIROZABAD,2002,138
UTTAR PRADESH,GORAKHPUR,2002,112
UTTAR PRADESH,KANNAUJ,2002,67
UTTAR PRADESH,MAHARAJGANJ,2002,46
UTTAR PRADESH,SANT KABIRNAGAR,2002,22
UTTAR PRADESH,SHAHJAHANPUR,2002,210
UTTAR PRADESH,SITAPUR,2002,167
UTTAR PRADESH,ST.RAVIDASNAGAR,2002,29
UTTARAKHAND,CHAMOLI,2002,15
WEST BENGAL,DARJEELING,2002,63
CHANDIGARH,CHANDIGARH,2002,31
DAMAN & DIU,DIU,2002,1
DELHI UT,I.G.I. AIRPORT,2002,4
DELHI UT,NORTH EAST,2002,66
DELHI UT,NORTH WEST,2002,135
DELHI UT,SPL CELL,2002,0
ANDHRA PRADESH,GUNTUR,2003,210
ANDHRA PRADESH,NALGONDA,2003,142
ARUNACHAL PRADESH,KAMENG WEST,2003,7
ASSAM,DARRANG,2003,73
BIHAR,BEGUSARAI,2003,145
BIHAR,BHABHUA,2003,76
BIHAR,GAYA,2003,230
BIHAR,NAWADAH,2003,88
BIHAR,ROHTAS,2003,157
BIHAR,SAMASTIPUR,2003,136
GUJARAT,NAVSARI,2003,26
HIMACHAL PRADESH,KANGRA,2003,38
JAMMU & KASHMIR,BORDER,2003,8
JAMMU & KASHMIR,JAMMU,2003,34
JAMMU & KASHMIR,POONCH,2003,111
JAMMU & KASHMIR,PULWAMA,2003,70
KERALA,KASARGOD,2003,24
KERALA,KOZHIKODE COMMR.,2003,14
KERALA,PALAKKAD,2003,52
KERALA,WAYANADU,2003,21
MADHYA PRADESH,SHAHDOL,2003,60
MAHARASHTRA,KOLHAPUR,2003,66
MAHARASHTRA,NASIK RURAL,2003,110
MAHARASHTRA,SOLAPUR RURAL,2003,112
MEGHALAYA,GARO HILLS WEST,2003,24
MEGHALAYA,JAINTIA HILLS,2003,52
MIZORAM,CHAMPHAI,2003,6
MIZORAM,SAIHA,2003,6
ODISHA,KHURDA,2003,65
PUNJAB,BATALA,2003,34
PUNJAB,FEROZEPUR,2003,51
RAJASTHAN,JAIPUR,2003,92
TAMIL NADU,CHENGAI,2003,84
TAMIL NADU,VELLORE,2003,87
TRIPURA,DHALAI,2003,40
TRIPURA,WEST,2003,136
UTTARAKHAND,BAGESHWAR,2003,11
UTTARAKHAND,CHAMPAWAT,2003,7
A & N ISLANDS,ANDAMAN,2003,16
A & N ISLANDS,NICOBAR,2003,5
DELHI UT,SOUTH,2003,86
ANDHRA PRADESH,ADILABAD,2004,113
ANDHRA PRADESH,NELLORE,2004,94
ARUNACHAL PRADESH,SUBANSIRI LOWER,2004,8
ARUNACHAL PRADESH,SUBANSIRI UPPER,2004,10
ASSAM,DIBRUGARH,2004,125
BIHAR,BAGAHA,2004,49
BIHAR,BETTIAH,2004,108
BIHAR,BHAGALPUR,2004,133
BIHAR,BUXAR,2004,70
BIHAR,JAMALPUR RLY.,2004,10
BIHAR,NALANDA,2004,220
BIHAR,NAUGACHIA,2004,50
BIHAR,PATNA,2004,542
BIHAR,PURNEA,2004,128
BIHAR,SARAN,2004,160
BIHAR,SHEIKHPURA,2004,44
BIHAR,SIWAN,2004,125
CHHATTISGARH,SARGUJA,2004,111
GUJARAT,NAVSARI,2004,26
GUJARAT,VADODARA RURAL,2004,85
HARYANA,GRP,2004,27
HIMACHAL PRADESH,LAHAUL-SPITI,2004,2
HIMACHAL PRADESH,MANDI,2004,19
JAMMU & KASHMIR,KATHUA,2004,17
JAMMU & KASHMIR,KULGAM,2004,48
JHARKHAND,RANCHI,2004,270
KERALA,CBCID,2004,22
KERALA,IDUKKI,2004,34
KERALA,KOLLAM,2004,46
KERALA,TRIVANDRUM COMMR.,2004,15
MADHYA PRADESH,BALAGHAT,2004,74
MADHYA PRADESH,BURHANPUR,2004,22
MADHYA PRADESH,DHAR,2004,100
MADHYA PRADESH,JHABUA,2004,139
MADHYA PRADESH,MORENA,2004,66
MADHYA PRADESH,PANNA,2004,41
MADHYA PRADESH,TIKAMGARH,2004,59
MAHARASHTRA,RAIGAD,2004,61
MANIPUR,UKHRUL,2004,10
MIZORAM,CHAMPHAI,2004,6
NAGALAND,TUENSANG,2004,10
ODISHA,KORAPUT,2004,56
PUNJAB,FATEHGARH SAHIB,2004,26
PUNJAB,JAGRAON,2004,29
PUNJAB,NAWAN SHAHR,2004,23
RAJASTHAN,BHILWARA,2004,37
RAJASTHAN,BIKANER,2004,52
RAJASTHAN,JODHPUR,2004,49
RAJASTHAN,SIROHI,2004,44
TAMIL NADU,TRICHY RURAL,2004,58
UTTAR PRADESH,GHAZIPUR,2004,61
UTTAR PRADESH,JALAUN,2004,88
UTTAR PRADESH,VARANASI,2004,80
UTTARAKHAND,DEHRADUN,2004,42
UTTARAKHAND,NAINITAL,2004,43
UTTARAKHAND,TEHRI GARHWAL,2004,11
WEST BENGAL,KHARAGPUR G.R.P.,2004,8
DAMAN & DIU,DIU,2004,1
DELHI UT,S.T.F.,2004,1
ANDHRA PRADESH,EAST GODAVARI,2005,110
ANDHRA PRADESH,GUNTAKAL RLY.,2005,12
ANDHRA PRADESH,KARIMNAGAR,2005,164
ANDHRA PRADESH,MAHABOOBNAGAR,2005,212
ARUNACHAL PRADESH,SIANG UPPER,2005,5
ARUNACHAL PRADESH,UPPER DIBANG VALLEY,2005,4
ASSAM,JORHAT,2005,51
ASSAM,KARBI ANGLONG,2005,76
BIHAR,BHOJPUR,2005,158
BIHAR,JAMUI,2005,93
BIHAR,MUNGER,2005,95
BIHAR,MUZAFFARPUR RLY.,2005,26
GOA,SOUTH GOA,2005,23
GUJARAT,BHAVNAGAR,2005,66
GUJARAT,PATAN,2005,24
HARYANA,FARIDABAD,2005,76
JAMMU & KASHMIR,AWANTIPORA,2005,29
JHARKHAND,DHANBAD,2005,97
JHARKHAND,HAZARIBAGH,2005,104
JHARKHAND,JAMSHEDPUR RLY.,2005,8
JHARKHAND,LOHARDAGGA,2005,51
KARNATAKA,KOPPAL,2005,29
MADHYA PRADESH,ASHOK NAGAR,2005,36
MADHYA PRADESH,BHIND,2005,97
MADHYA PRADESH,MANDLA,2005,44
MAHARASHTRA,AMRAVATI RURAL,2005,78
MAHARASHTRA,CHANDRAPUR,2005,61
MANIPUR,CHANDEL,2005,20
MANIPUR,CHURACHANDPUR,2005,49
MANIPUR,IMPHAL(EAST),2005,38
MANIPUR,IMPHAL(WEST),2005,49
MANIPUR,THOUBAL,2005,46
NAGALAND,MON,2005,15
ODISHA,GAJAPATI,2005,22
PUNJAB,PATIALA,2005,61
PUNJAB,ROPAR,2005,27
RAJASTHAN,CHITTORGARH,2005,52
TAMIL NADU,VILUPPURAM,2005,68
UTTAR PRADESH,LUCKNOW,2005,194
UTTARAKHAND,ALMORA,2005,22
UTTARAKHAND,CHAMPAWAT,2005,7
UTTARAKHAND,DEHRADUN,2005,42
UTTARAKHAND,RUDRA PRAYAG,2005,11
UTTARAKHAND,TEHRI GARHWAL,2005,11
DAMAN & DIU,DIU,2005,1
DELHI UT,G.R.P.(RLY),2005,16
DELHI UT,NORTH-WEST,2005,128
DELHI UT,SPL CELL,2005,0
LAKSHADWEEP,LAKSHADWEEP,2005,1
ANDHRA PRADESH,ANANTAPUR,2006,184
ANDHRA PRADESH,KHAMMAM,2006,134
ANDHRA PRADESH,SRIKAKULAM,2006,46
ANDHRA PRADESH,VIJAYAWADA CITY,2006,43
ASSAM,MORIGAON,2006,27
CHHATTISGARH,BIZAPUR,2006,139
CHHATTISGARH,DANTEWARA,2006,88
HARYANA,GURGAON,2006,93
JAMMU & KASHMIR,BORDER DISTRICT,2006,9
JAMMU & KASHMIR,CRIME JAMMU,2006,3
JHARKHAND,KODERMA,2006,38
JHARKHAND,PAKUR,2006,41
KARNATAKA,KOLAR,2006,96
KARNATAKA,RAILWAYS,2006,22
KERALA,ALAPUZHA,2006,27
MADHYA PRADESH,CHHATARPUR,2006,71
MADHYA PRADESH,GWALIOR,2006,107
MADHYA PRADESH,MORENA,2006,66
MADHYA PRADESH,SIDHI,2006,72
MAHARASHTRA,MUMBAI COMMR.,2006,239
MAHARASHTRA,MUMBAI RLY.,2006,16
MAHARASHTRA,OSMANABAD,2006,58
MAHARASHTRA,PARBHANI,2006,69
MAHARASHTRA,THANE RURAL,2006,152
MEGHALAYA,GARO HILLS EAST,2006,18
MIZORAM,MAMIT,2006,5
NAGALAND,KOHIMA,2006,31
NAGALAND,MON,2006,15
NAGALAND,PEREN,2006,11
NAGALAND,PHEK,2006,9
NAGALAND,ZUNHEBOTO,2006,14
ODISHA,KENDRAPARA,2006,53
ODISHA,MALKANGIR,2006,49
ODISHA,SRP(CUTTACK),2006,5
PUNJAB,FEROZPUR,2006,68
PUNJAB,JALANDHAR,2006,80
PUNJAB,MAJITHA,2006,51
RAJASTHAN,GANGANAGAR,2006,67
RAJASTHAN,JAIPUR NORTH,2006,22
RAJASTHAN,NAGAUR,2006,56
UTTAR PRADESH,AURAIYA,2006,56
UTTAR PRADESH,BAGHPAT,2006,95
UTTAR PRADESH,CHITRAKOOT DHAM,2006,36
UTTAR PRADESH,JAUNPUR,2006,62
UTTAR PRADESH,MIRZAPUR,2006,51
UTTARAKHAND,BAGESHWAR,2006,11
UTTARAKHAND,PITHORAGARH,2006,10
UTTARAKHAND,TEHRI GARHWAL,2006,11
UTTARAKHAND,UDHAMSINGH NAGAR,2006,74
DELHI UT,IGI AIRPORT,2006,2
DELHI UT,NORTH-WEST,2006,128
ANDHRA PRADESH,CHITTOOR,2007,129
ANDHRA PRADESH,SECUNDERABAD RLY.,2007,12
ARUNACHAL PRADESH,DIBANG VALLEY,2007,7
ARUNACHAL PRADESH,LOHIT,2007,17
ARUNACHAL PRADESH,TAWANG,2007,3
ASSAM,GOLAGHAT,2007,80
ASSAM,HAILAKANDI,2007,27
ASSAM,TINSUKIA,2007,143
BIHAR,MADHEPURA,2007,65
BIHAR,SHEOHAR,2007,25
GUJARAT,KUTCH,2007,49
GUJARAT,NAVSARI,2007,26
GUJARAT,SURAT COMMR.,2007,108
HARYANA,GURGAON,2007,93
HARYANA,MEWAT,2007,35
HIMACHAL PRADESH,KINNAUR,2007,7
HIMACHAL PRADESH,SIRMAUR,2007,16
JAMMU & KASHMIR,BORDER DISTRICT,2007,9
KARNATAKA,BANGALORE RURAL,2007,176
KARNATAKA,BELLARY,2007,62
MADHYA PRADESH,BHOPAL RLY.,2007,7
MADHYA PRADESH,SATNA,2007,90
MAHARASHTRA,PUNE RLY.,2007,6
MANIPUR,BISHNUPUR,2007,31
MANIPUR,IMPHAL EAST,2007,41
MANIPUR,IMPHAL WEST,2007,61
MIZORAM,KOLASIB,2007,9
NAGALAND,LONGLENG,2007,1
NAGALAND,MOKOKCHUNG,2007,17
ODISHA,BARAGARH,2007,41
ODISHA,DEOGARH,2007,26
ODISHA,DHENKANAL,2007,59
PUNJAB,G.R.P,2007,14
PUNJAB,KHANNA,2007,24
PUNJAB,MOGA,2007,37
RAJASTHAN,AJMER,2007,53
RAJASTHAN,JAIPUR SOUTH,2007,21
RAJASTHAN,UDAIPUR,2007,84
TAMIL NADU,KRISHNAGIRI,2007,72
TAMIL NADU,THIRUVARUR,2007,39
UTTARAKHAND,CHAMOLI,2007,15
UTTARAKHAND,TEHRI GARHWAL,2007,11
A & N ISLANDS,A and N ISLANDS,2007,15
DAMAN & DIU,DAMAN,2007,12
DELHI UT,OUTER,2007,102
PUDUCHERRY,PONDICHERRY,2007,30
ANDHRA PRADESH,NIZAMABAD,2008,153
ARUNACHAL PRADESH,PAPUM PARE,2008,11
ARUNACHAL PRADESH,SIANG EAST,2008,9
ASSAM,BASKA,2008,67
ASSAM,HAILAKANDI,2008,27
ASSAM,JORHAT,2008,51
ASSAM,SIBSAGAR,2008,108
ASSAM,UDALGURI,2008,56
BIHAR,JAMALPUR RLY.,2008,10
CHHATTISGARH,BALRAMPUR,2008,49
CHHATTISGARH,BILASPUR,2008,112
CHHATTISGARH,DHAMTARI,2008,23
CHHATTISGARH,KANKER,2008,54
CHHATTISGARH,KORIYA,2008,48
CHHATTISGARH,RAIGARH,2008,89
CHHATTISGARH,RAIPUR,2008,112
GOA,SOUTH GOA,2008,23
GUJARAT,GANDHINAGAR,2008,32
GUJARAT,TAPI,2008,21
HARYANA,GRP,2008,27
HARYANA,SIRSA,2008,48
HIMACHAL PRADESH,KULLU,2008,15
HIMACHAL PRADESH,MANDI,2008,19
HIMACHAL PRADESH,SOLAN,2008,16
HIMACHAL PRADESH,UNA,2008,15
JAMMU & KASHMIR,CRIME SRINAGAR,2008,2
JAMMU & KASHMIR,KISHTWAR,2008,10
JHARKHAND,BOKARO,2008,76
JHARKHAND,DHANBAD RLY.,2008,13
JHARKHAND,DUMKA,2008,77
JHARKHAND,JAMTARA,2008,25
JHARKHAND,PALAMU,2008,102
JHARKHAND,RAMGARH,2008,44
KARNATAKA,BIJAPUR,2008,83
KARNATAKA,HAVERI,2008,31
KARNATAKA,RAMANAGAR,2008,92
KERALA,ERNAKULAM RURAL,2008,36
KERALA,MALAPPURAM,2008,29
MADHYA PRADESH,DAMOH,2008,58
MADHYA PRADESH,MANDSAUR,2008,45
MADHYA PRADESH,NARSINGHPUR,2008,48
MADHYA PRADESH,NEEMUCH,2008,24
MADHYA PRADESH,SEONI,2008,41
MAHARASHTRA,AHMEDNAGAR,2008,134
MAHARASHTRA,DHULE,2008,54
MAHARASHTRA,JALNA,2008,58
MAHARASHTRA,LATUR,2008,74
MAHARASHTRA,NASIK COMMR.,2008,43
MAHARASHTRA,PUNE COMMR.,2008,137
MANIPUR,CID,2008,0
MANIPUR,THOUBAL,2008,46
MIZORAM,LUNGLEI,2008,8
NAGALAND,DIMAPUR,2008,64
NAGALAND,KIPHIRE,2008,4
NAGALAND,PHEK,2008,9
ODISHA,DCP BBSR,2008,51
ODISHA,KENDRAPARA,2008,53
ODISHA,SRP(ROURKELA),2008,8
PUNJAB,BARNALA,2008,24
RAJASTHAN,BHILWARA,2008,37
RAJASTHAN,JHALAWAR,2008,58
RAJASTHAN,KOTA CITY,2008,36
RAJASTHAN,KOTA RURAL,2008,33
TAMIL NADU,COIMBATORE RURAL,2008,88
TAMIL NADU,MADURAI URBAN,2008,39
TAMIL NADU,SALEM URBAN,2008,29
UTTAR PRADESH,KANSHIRAM NAGAR,2008,60
UTTAR PRADESH,MIRZAPUR,2008,51
UTTAR PRADESH,SONBHADRA,2008,39
UTTARAKHAND,DEHRADUN,2008,42
DELHI UT,CAW,2008,0
DELHI UT,CRIME BRANCH,2008,1
DELHI UT,EOW,2008,0
DELHI UT,NORTH-EAST,2008,92
DELHI UT,SOUTH-EAST,2008,66
LAKSHADWEEP,LAKSHADWEEP,2008,1
ANDHRA PRADESH,HYDERABAD CITY,2009,153
ARUNACHAL PRADESH,SIANG WEST,2009,11
ASSAM,C.I.D.,2009,1
ASSAM,GUWAHATI CITY,2009,86
ASSAM,N.C.HILLS,2009,73
ASSAM,SONITPUR,2009,109
CHHATTISGARH,GRP RAIPUR,2009,8
CHHATTISGARH,JANJGIR,2009,58
CHHATTISGARH,KORBA,2009,58
CHHATTISGARH,RAJNANDGAON,2009,55
GOA,NORTH GOA,2009,33
GUJARAT,SURENDRANAGAR,2009,40
HARYANA,FATEHABAD,2009,33
HARYANA,JHAJJAR,2009,66
HARYANA,PANIPAT,2009,64
HIMACHAL PRADESH,BADDIPOLICEDIST,2009,10
HIMACHAL PRADESH,CID,2009,0
JAMMU & KASHMIR,KISHTWAR,2009,10
JAMMU & KASHMIR,RAILWAYS KMR,2009,0
JAMMU & KASHMIR,SAMBA,2009,9
JAMMU & KASHMIR,SHOPIAN,2009,12
JHARKHAND,GIRIDIH,2009,86
JHARKHAND,GODDA,2009,66
KARNATAKA,CHITRADURGA,2009,43
KARNATAKA,DAKSHIN KANNADA,2009,61
KARNATAKA,GULBARGA,2009,145
KARNATAKA,MYSORE COMMR.,2009,34
KARNATAKA,UDUPI,2009,28
KERALA,KOZHIKODE RURAL,2009,19
MADHYA PRADESH,RAISEN,2009,55
MAHARASHTRA,HINGOLI,2009,50
MAHARASHTRA,NANDED,2009,102
MANIPUR,CID,2009,0
MEGHALAYA,KHASI HILLS WEST,2009,18
MIZORAM,CHAMPHAI,2009,6
NAGALAND,LONGLENG,2009,1
ODISHA,BHADRAK,2009,44
ODISHA,BOLANGIR,2009,44
ODISHA,KEONJHAR,2009,109
ODISHA,SRP(ROURKELA),2009,8
PUNJAB,AMRITSAR,2009,54
PUNJAB,FARIDKOT,2009,24
PUNJAB,GURDASPUR,2009,31
PUNJAB,KHANNA,2009,24
PUNJAB,MANSA,2009,37
PUNJAB,MUKTSAR,2009,29
PUNJAB,SBS NAGAR,2009,23
RAJASTHAN,GANGANAGAR,2009,67
RAJASTHAN,JAIPUR RURAL,2009,76
TAMIL NADU,ARIYALUR,2009,40
TAMIL NADU,THIRUNELVELI RURAL,2009,95
UTTAR PRADESH,GHAZIABAD,2009,254
DELHI UT,CAW,2009,0
DELHI UT,CRIME BRANCH,2009,1
DELHI UT,EOW,2009,0
DELHI UT,NORTH,2009,44
DELHI UT,SOUTH-WEST,2009,65
PUDUCHERRY,KARAIKAL,2009,6
ANDHRA PRADESH,KURNOOL,2010,156
ANDHRA PRADESH,VISAKHA RURAL,2010,79
ARUNACHAL PRADESH,K/KUMEY,2010,8
ASSAM,LAKHIMPUR,2010,45
BIHAR,AURANGABAD,2010,97
BIHAR,MOTIHARI,2010,169
BIHAR,SUPAUL,2010,52
BIHAR,VAISHALI,2010,128
CHHATTISGARH,KABIRDHAM,2010,22
CHHATTISGARH,MAHASAMUND,2010,34
GUJARAT,AHWA-DANG,2010,11
GUJARAT,CID CRIME,2010,3
GUJARAT,NARMADA,2010,17
HARYANA,HISSAR,2010,91
HARYANA,JIND,2010,53
HARYANA,KURUKSHETRA,2010,34
HARYANA,PANCHKULA,2010,20
HIMACHAL PRADESH,CID,2010,0
HIMACHAL PRADESH,SHIMLA,2010,20
JAMMU & KASHMIR,BANDIPORA,2010,14
JAMMU & KASHMIR,CRIME KASHMIR,2010,0
JAMMU & KASHMIR,SAMBA,2010,9
JAMMU & KASHMIR,SOPORE,2010,30
JHARKHAND,DEOGHAR,2010,58
JHARKHAND,JAMSHEDPUR,2010,113
JHARKHAND,JAMSHEDPUR RLY.,2010,8
JHARKHAND,JAMTARA,2010,25
JHARKHAND,SARAIKELA,2010,65
JHARKHAND,SIMDEGA,2010,88
KARNATAKA,BANGALORE COMMR.,2010,266
KARNATAKA,GADAG,2010,27
KARNATAKA,KODAGU,2010,37
KARNATAKA,MYSORE RURAL,2010,80
KERALA,ALAPUZHA,2010,27
KERALA,TRIVANDRUM COMMR.,2010,15
KERALA,TRIVANDRUM RURAL,2010,42
MADHYA PRADESH,BARWANI,2010,51
MADHYA PRADESH,CHHINDWARA,2010,86
MADHYA PRADESH,DATIYA,2010,61
MADHYA PRADESH,HARDA,2010,25
MADHYA PRADESH,SIHORE,2010,45
MAHARASHTRA,BEED,2010,86
MAHARASHTRA,WASHIM,2010,40
MANIPUR,CID,2010,0
MIZORAM,AIZAWL,2010,23
MIZORAM,LAWNGTLAI,2010,7
ODISHA,GANJAM,2010,87
ODISHA,NAYAGARH,2010,39
PUNJAB,BHATINDA,2010,58
PUNJAB,CP AMRITSAR,2010,53
PUNJAB,CP JALANDHAR,2010,29
PUNJAB,CP LUDHIANA,2010,90
PUNJAB,HOSHIARPUR,2010,51
PUNJAB,ROPAR,2010,27
RAJASTHAN,DAUSA,2010,41
RAJASTHAN,G.R.P. AJMER,2010,6
RAJASTHAN,G.R.P. JODHPUR,2010,2
RAJASTHAN,JAIPUR EAST,2010,25
RAJASTHAN,JAIPUR NORTH,2010,22
RAJASTHAN,JHUNJHUNU,2010,49
RAJASTHAN,SIKAR,2010,58
TAMIL NADU,CHENNAISUBURBAN,2010,86
TAMIL NADU,NAMAKKAL,2010,50
TAMIL NADU,PUDUKOTTAI,2010,45
TAMIL NADU,SALEM RURAL,2010,81
TAMIL NADU,THANJAVUR,2010,82
TAMIL NADU,THENI,2010,42
TAMIL NADU,THIRUVALLUR,2010,43
TAMIL NADU,TRICHY RURAL,2010,58
UTTAR PRADESH,GAUTAMBUDH NAGAR,2010,100
WEST BENGAL,24 PARGANAS NORTH,2010,244
WEST BENGAL,24 PARGANAS SOUTH,2010,263
WEST BENGAL,BANKURA,2010,105
WEST BENGAL,BURDWAN,2010,134
WEST BENGAL,COOCHBEHAR,2010,66
WEST BENGAL,HOWRAH,2010,111
WEST BENGAL,MURSHIDABAD,2010,185
WEST BENGAL,PASCHIM MIDNAPUR,2010,268
WEST BENGAL,PURAB MIDNAPUR,2010,87
WEST BENGAL,PURULIA,2010,115
WEST BENGAL,SILIGURI G.R.P.,2010,7
DELHI UT,CAW,2010,0
DELHI UT,DELHI UT TOTAL,2010,565
DELHI UT,EAST,2010,57
DELHI UT,EOW,2010,0
ANDHRA PRADESH,CUDDAPAH,2011,120
ANDHRA PRADESH,CYBERABAD,2011,213
ANDHRA PRADESH,MEDAK,2011,141
ANDHRA PRADESH,TIRUPATHI URBAN,2011,44
ANDHRA PRADESH,WARANGAL URBAN,2011,46
ARUNACHAL PRADESH,ANJAW,2011,2
ARUNACHAL PRADESH,TIRAP,2011,11
ASSAM,KARIMGANJ,2011,45
ASSAM,MORIGAON,2011,27
BIHAR,KATIHAR RLY.,2011,17
BIHAR,MADHUBANI,2011,81
CHHATTISGARH,BILASPUR,2011,112
CHHATTISGARH,DURG,2011,93
CHHATTISGARH,GARIYABAND,2011,28
CHHATTISGARH,JASHPUR,2011,78
CHHATTISGARH,NARAYANPUR,2011,29
GOA,NORTH GOA,2011,33
GUJARAT,KUTCH (EAST(G)),2011,35
GUJARAT,KUTCH (WEST-BHUJ),2011,24
GUJARAT,PALANPUR,2011,52
GUJARAT,RAJKOT COMMR.,2011,44
GUJARAT,W.RLY AHMEDABAD,2011,7
GUJARAT,W.RLY VADODARA,2011,5
HARYANA,AMBALA,2011,42
HARYANA,KAITHAL,2011,36
HARYANA,PALWAL,2011,43
HARYANA,REWARI,2011,41
HARYANA,ROHTAK,2011,77
HARYANA,YAMUNANAGAR,2011,50
HIMACHAL PRADESH,CHAMBA,2011,15
HIMACHAL PRADESH,CID,2011,0
HIMACHAL PRADESH,SHIMLA,2011,20
JAMMU & KASHMIR,KARGIL,2011,3
JAMMU & KASHMIR,RAILWAYS JAMMU,2011,0
JAMMU & KASHMIR,RAILWAYS KASHMIR,2011,0
JAMMU & KASHMIR,SAMBA,2011,9
JHARKHAND,GUMLA,2011,201
JHARKHAND,JAMSHEDPUR RLY.,2011,8
JHARKHAND,KHUNTI,2011,126
JHARKHAND,SAHEBGANJ,2011,73
KARNATAKA,BIDAR,2011,51
KARNATAKA,CBPURA,2011,52
KARNATAKA,CHAMARAJNAGAR,2011,40
KARNATAKA,DHARWAD COMMR.,2011,26
KARNATAKA,TUMKUR,2011,101
KERALA,ERNAKULAM COMMR.,2011,26
KERALA,THRISSUR RURAL,2011,24
MADHYA PRADESH,ALIRAJPUR,2011,76
MADHYA PRADESH,ANUPPUR,2011,39
MADHYA PRADESH,BARWANI,2011,51
MADHYA PRADESH,BHOPAL,2011,91
MADHYA PRADESH,GWALIOR,2011,107
MADHYA PRADESH,HARDA,2011,25
MADHYA PRADESH,HOSHANGABAD,2011,59
MADHYA PRADESH,INDORE,2011,135
MADHYA PRADESH,RAJGARH,2011,43
MADHYA PRADESH,SAGAR,2011,94
MADHYA PRADESH,SHAJAPUR,2011,49
MADHYA PRADESH,SINGRAULI,2011,43
MAHARASHTRA,BULDHANA,2011,60
MAHARASHTRA,GADCHIROLI,2011,82
MAHARASHTRA,NAGPUR COMMR.,2011,114
MAHARASHTRA,NAVI MUMBAI,2011,70
MAHARASHTRA,YAVATMAL,2011,84
MANIPUR,CID,2011,0
MEGHALAYA,GARO HILLS SOUTH,2011,11
MEGHALAYA,JAINTIA HILLS,2011,52
ODISHA,ANGUL,2011,71
ODISHA,CUTTACK,2011,49
ODISHA,JHARSUGUDA,2011,29
ODISHA,KALAHANDI,2011,38
ODISHA,KANDHAMAL,2011,36
ODISHA,MAYURBHANJ,2011,103
ODISHA,RAYAGADA,2011,38
ODISHA,SONEPUR,2011,20
ODISHA,SRP(ROURKELA),2011,8
PUNJAB,CP JALANDHAR,2011,29
PUNJAB,HOSHIARPUR,2011,51
PUNJAB,KAPURTHALA,2011,33
PUNJAB,PATHANKOT,2011,12
PUNJAB,SAS NGR,2011,31
RAJASTHAN,ALWAR,2011,104
RAJASTHAN,BARMER,2011,29
RAJASTHAN,BHARATPUR,2011,95
RAJASTHAN,DHOLPUR,2011,56
RAJASTHAN,G.R.P.AJMER,2011,6
RAJASTHAN,G.R.P.JODHPUR,2011,4
RAJASTHAN,JAIPUR WEST,2011,27
RAJASTHAN,JAISALMER,2011,11
RAJASTHAN,JALORE,2011,35
RAJASTHAN,JODHPUR CITY,2011,29
RAJASTHAN,SAWAI MADHOPUR,2011,31
RAJASTHAN,TONK,2011,28
TAMIL NADU,KANCHIPURAM,2011,87
TAMIL NADU,KRISHNAGIRI,2011,72
TAMIL NADU,TRICHY RLY.,2011,5
TAMIL NADU,TRICHY URBAN,2011,27
UTTAR PRADESH,AGRA,2011,181
UTTAR PRADESH,PANCHSHIL NAGAR,2011,61
UTTAR PRADESH,PRABUDDH NAGAR,2011,57
UTTAR PRADESH,RAMABAI NAGAR,2011,50
D & N HAVELI,D and N HAVELI,2011,14
DELHI UT,CAW,2011,0
DELHI UT,CRIME BRANCH,2011,1
DELHI UT,EOW,2011,0
DELHI UT,STF,2011,1
PUDUCHERRY,PUDUCHERRY,2011,32
ANDHRA PRADESH,GUNTUR URBAN,2012,56
ANDHRA PRADESH,NELLORE,2012,94
ANDHRA PRADESH,PRAKASHAM,2012,108
ANDHRA PRADESH,RAJAHMUNDRY,2012,23
ANDHRA PRADESH,VIJAYAWADA RLY.,2012,7
ANDHRA PRADESH,VISAKHAPATNAM,2012,44
ANDHRA PRADESH,VIZIANAGARAM,2012,44
ANDHRA PRADESH,WEST GODAVARI,2012,91
ARUNACHAL PRADESH,KAMENG EAST,2012,9
ARUNACHAL PRADESH,RURAL,2012,6
ASSAM,BAKSA,2012,38
ASSAM,BIEO,2012,0
ASSAM,C.I.D.,2012,1
ASSAM,CACHAR,2012,72
ASSAM,CHIRANG,2012,40
ASSAM,DHUBRI,2012,65
ASSAM,GOALPARA,2012,55
ASSAM,HAMREN,2012,9
ASSAM,KAMRUP,2012,48
ASSAM,KOKRAJHAR,2012,110
BIHAR,ARARIA,2012,81
BIHAR,DARBHANGA,2012,78
BIHAR,KATIHAR,2012,91
BIHAR,KISHANGANJ,2012,39
BIHAR,MUZAFFARPUR,2012,198
BIHAR,SAHARSA,2012,53
BIHAR,SITAMARHI,2012,97
CHHATTISGARH,BALOD,2012,15
CHHATTISGARH,BALODA BAZAR,2012,24
CHHATTISGARH,BEMETARA,2012,12
CHHATTISGARH,KONDAGAON,2012,21
CHHATTISGARH,MUNGELI,2012,18
CHHATTISGARH,SUKMA,2012,24
CHHATTISGARH,SURAJPUR,2012,59
GUJARAT,KUTCH (WEST-BHUJ),2012,24
GUJARAT,NARMADA,2012,17
GUJARAT,PORBANDAR,2012,18
GUJARAT,RAJKOT RURAL,2012,48
GUJARAT,SURENDRANAGAR,2012,40
GUJARAT,W.RLY VADODARA,2012,5
HARYANA,AMBALA RURAL,2012,13
HARYANA,AMBALA URBAN,2012,15
HARYANA,BHIWANI,2012,81
HARYANA,KARNAL,2012,59
HARYANA,MAHENDRAGARH,2012,39
HARYANA,PALWAL,2012,43
HARYANA,SONIPAT,2012,86
HIMACHAL PRADESH,CID,2012,0
JAMMU & KASHMIR,RAILWAYS JAMMU,2012,0
JAMMU & KASHMIR,RAILWAYS KASHMIR,2012,0
JAMMU & KASHMIR,RAILWAYS KATRA,2012,0
JHARKHAND,CHAIBASA,2012,144
JHARKHAND,CHATRA,2012,53
JHARKHAND,DEOGHAR,2012,58
JHARKHAND,GARHWA,2012,85
KARNATAKA,BANGALORE COMMR.,2012,266
KARNATAKA,BELGAUM,2012,142
KARNATAKA,CHITRADURGA,2012,43
KARNATAKA,HASSAN,2012,77
KARNATAKA,MANDYA,2012,86
KARNATAKA,MANGALORE CITY,2012,28
KARNATAKA,UTTAR KANNADA,2012,33
KARNATAKA,YADGIRI,2012,26
KERALA,KANNUR,2012,32
KERALA,KOLLAM COMMR.,2012,21
KERALA,KOLLAM RURAL,2012,30
KERALA,PATHANAMTHITTA,2012,28
KERALA,THRISSUR COMMR.,2012,9
KERALA,TRIVANDRUM RURAL,2012,42
MADHYA PRADESH,BETUL,2012,75
MADHYA PRADESH,DEWAS,2012,62
MADHYA PRADESH,DINDORI,2012,32
MADHYA PRADESH,JABALPUR RLY.,2012,6
MADHYA PRADESH,KHARGON,2012,51
MADHYA PRADESH,VIDISHA,2012,58
MAHARASHTRA,AURANGABAD COMMR.,2012,46
MAHARASHTRA,AURANGABAD RURAL,2012,74
MAHARASHTRA,JALGAON,2012,102
MAHARASHTRA,PUNE RURAL,2012,163
MAHARASHTRA,WASHIM,2012,40
MANIPUR,CID,2012,0
MANIPUR,TAMENGLONG,2012,11
NAGALAND,KIPHIRE,2012,4
NAGALAND,LONGLENG,2012,1
ODISHA,BALASORE,2012,75
ODISHA,BERHAMPUR,2012,30
ODISHA,BOLANGIR,2012,44
ODISHA,BOUDH,2012,18
ODISHA,DCP CTC,2012,36
ODISHA,JAGATSINGHPUR,2012,37
ODISHA,JAJPUR,2012,78
ODISHA,NOWRANGPUR,2012,39
ODISHA,NUAPADA,2012,19
ODISHA,PURI,2012,61
ODISHA,ROURKELA,2012,80
ODISHA,SAMBALPUR,2012,54
ODISHA,SRP(CUTTACK),2012,5
PUNJAB,AMRITSAR RURAL,2012,46
PUNJAB,FAZILKA,2012,37
PUNJAB,JALANDHAR RURAL,2012,49
PUNJAB,LUDHIANA RURAL,2012,25
PUNJAB,MOGA,2012,37
RAJASTHAN,BARAN,2012,45
RAJASTHAN,BARMER,2012,29
RAJASTHAN,CHURU,2012,42
RAJASTHAN,JODHPUR EAST,2012,12
RAJASTHAN,JODHPUR RURAL,2012,34
RAJASTHAN,JODHPUR WEST,2012,15
RAJASTHAN,KARAULI,2012,41
RAJASTHAN,PALI,2012,56
RAJASTHAN,RAJSAMAND,2012,26
TAMIL NADU,CHENNAI,2012,180
TAMIL NADU,COIMBATORE URBAN,2012,29
TAMIL NADU,CUDDALORE,2012,70
TAMIL NADU,DINDIGUL,2012,74
TAMIL NADU,KANYAKUMARI,2012,53
TAMIL NADU,MADURAI RURAL,2012,76
TAMIL NADU,NAGAPATTINAM,2012,56
TAMIL NADU,RAMNATHAPURAM,2012,54
TAMIL NADU,SIVAGANGAI,2012,47
TAMIL NADU,THIRUVANNAMALAI,2012,52
TAMIL NADU,THOOTHUGUDI,2012,85
TAMIL NADU,TIRUPPUR,2012,63
TAMIL NADU,VILLUPURAM,2012,100
TAMIL NADU,VIRUDHUNAGAR,2012,62
TRIPURA,GOMATI,2012,18
TRIPURA,KHOWAI,2012,12
TRIPURA,SIPAHIJALA,2012,12
TRIPURA,UNAKOTI,2012,9
UTTAR PRADESH,BHIM NAGAR,2012,77
UTTAR PRADESH,CSM NAGAR,2012,35
UTTAR PRADESH,SIDHARTHNAGAR,2012,27
WEST BENGAL,ASANSOL,2012,60
WEST BENGAL,BDN CP,2012,15
WEST BENGAL,BIRBHUM,2012,113
WEST BENGAL,BKP CP,2012,89
WEST BENGAL,DAKSHIN DINAJPUR,2012,53
WEST BENGAL,HOOGHLY,2012,132
WEST BENGAL,HOWRAH CITY,2012,39
WEST BENGAL,JHARGRAM,2012,30
WEST BENGAL,KOLKATA,2012,85
WEST BENGAL,MALDA,2012,118
WEST BENGAL,NADIA,2012,146
WEST BENGAL,SILIGURI_PC,2012,32
WEST BENGAL,UTTAR DINAJPUR,2012,110
A & N ISLANDS,CAR,2012,2
DELHI UT,CAW,2012,0
DELHI UT,CENTRAL,2012,35
DELHI UT,CRIME BRANCH,2012,1
DELHI UT,EOW,2012,0
DELHI UT,GRP(RLY),2012,13
